station,month,hour,temp_c,dewpoint_c
41194099999,1,0,1.839,-0.257
41194099999,1,1,1.828,-0.203
41194099999,1,2,1.778,-0.202
41194099999,1,3,1.713,-0.14
41194099999,1,4,1.501,-0.055
41194099999,1,5,1.263,0.039
41194099999,1,6,1.032,0.132
41194099999,1,7,0.942,0.178
41194099999,1,8,0.692,0.272
41194099999,1,9,0.362,0.45
41194099999,1,10,0.164,0.616
41194099999,1,11,0.161,0.649
41194099999,1,12,0.309,0.453
41194099999,1,13,0.458,0.325
41194099999,1,14,0.711,0.22
41194099999,1,15,0.964,0.143
41194099999,1,16,1.106,-0.098
41194099999,1,17,1.161,-0.358
41194099999,1,18,1.151,-0.552
41194099999,1,19,1.251,-0.618
41194099999,1,20,1.405,-0.631
41194099999,1,21,1.587,-0.555
41194099999,1,22,1.707,-0.469
41194099999,1,23,1.784,-0.314
41194099999,2,0,2.455,-0.492
41194099999,2,1,2.395,-0.469
41194099999,2,2,2.287,-0.33
41194099999,2,3,2.224,-0.208
41194099999,2,4,1.959,-0.136
41194099999,2,5,1.669,-0.097
41194099999,2,6,1.423,-0.006
41194099999,2,7,1.275,0.201
41194099999,2,8,0.999,0.368
41194099999,2,9,0.644,0.326
41194099999,2,10,0.532,0.163
41194099999,2,11,0.625,-0.121
41194099999,2,12,0.847,-0.391
41194099999,2,13,1.061,-0.574
41194099999,2,14,1.348,-0.715
41194099999,2,15,1.525,-0.71
41194099999,2,16,1.621,-0.812
41194099999,2,17,1.713,-1.041
41194099999,2,18,1.833,-1.248
41194099999,2,19,1.963,-1.349
41194099999,2,20,2.005,-1.188
41194099999,2,21,2.123,-1.036
41194099999,2,22,2.268,-0.789
41194099999,2,23,2.427,-0.642
41194099999,3,0,2.821,-1.048
41194099999,3,1,2.844,-0.901
41194099999,3,2,2.887,-0.698
41194099999,3,3,2.901,-0.475
41194099999,3,4,2.674,-0.433
41194099999,3,5,2.413,-0.346
41194099999,3,6,2.03,-0.286
41194099999,3,7,1.679,-0.107
41194099999,3,8,1.164,-0.078
41194099999,3,9,0.69,-0.064
41194099999,3,10,0.548,-0.166
41194099999,3,11,0.623,-0.336
41194099999,3,12,0.863,-0.596
41194099999,3,13,1.048,-0.681
41194099999,3,14,1.261,-0.735
41194099999,3,15,1.467,-0.861
41194099999,3,16,1.722,-1.202
41194099999,3,17,2.021,-1.646
41194099999,3,18,2.235,-2.026
41194099999,3,19,2.332,-2.141
41194099999,3,20,2.332,-1.984
41194099999,3,21,2.399,-1.637
41194099999,3,22,2.56,-1.36
41194099999,3,23,2.704,-1.168
41194099999,4,0,3.447,-1.72
41194099999,4,1,3.531,-1.332
41194099999,4,2,3.559,-0.958
41194099999,4,3,3.51,-0.749
41194099999,4,4,3.222,-0.601
41194099999,4,5,2.961,-0.505
41194099999,4,6,2.441,-0.338
41194099999,4,7,1.945,-0.054
41194099999,4,8,1.277,0.062
41194099999,4,9,0.898,-0.088
41194099999,4,10,0.9,-0.486
41194099999,4,11,1.082,-0.843
41194099999,4,12,1.309,-0.943
41194099999,4,13,1.429,-1.061
41194099999,4,14,1.604,-1.314
41194099999,4,15,1.843,-1.549
41194099999,4,16,2.059,-1.812
41194099999,4,17,2.294,-2.038
41194099999,4,18,2.47,-2.555
41194099999,4,19,2.61,-2.895
41194099999,4,20,2.696,-3.024
41194099999,4,21,2.868,-2.897
41194099999,4,22,3.09,-2.599
41194099999,4,23,3.311,-2.219
41194099999,5,0,3.816,-1.945
41194099999,5,1,3.866,-1.582
41194099999,5,2,3.854,-1.236
41194099999,5,3,3.746,-0.979
41194099999,5,4,3.411,-0.818
41194099999,5,5,2.99,-0.682
41194099999,5,6,2.295,-0.499
41194099999,5,7,1.552,-0.168
41194099999,5,8,0.833,0.07
41194099999,5,9,0.512,0.122
41194099999,5,10,0.655,-0.108
41194099999,5,11,0.98,-0.499
41194099999,5,12,1.27,-0.679
41194099999,5,13,1.446,-0.673
41194099999,5,14,1.677,-0.929
41194099999,5,15,1.998,-1.441
41194099999,5,16,2.346,-2.105
41194099999,5,17,2.68,-2.598
41194099999,5,18,2.954,-3.082
41194099999,5,19,3.138,-3.513
41194099999,5,20,3.171,-3.553
41194099999,5,21,3.262,-3.328
41194099999,5,22,3.438,-2.864
41194099999,5,23,3.668,-2.405
41194099999,6,0,3.351,-2.233
41194099999,6,1,3.343,-1.667
41194099999,6,2,3.347,-1.237
41194099999,6,3,3.421,-0.87
41194099999,6,4,3.215,-0.632
41194099999,6,5,2.876,-0.321
41194099999,6,6,2.218,0.003
41194099999,6,7,1.478,0.433
41194099999,6,8,0.692,0.781
41194099999,6,9,0.264,0.916
41194099999,6,10,0.309,0.907
41194099999,6,11,0.646,0.65
41194099999,6,12,0.886,0.475
41194099999,6,13,1.073,0.291
41194099999,6,14,1.239,0.081
41194099999,6,15,1.556,-0.382
41194099999,6,16,1.937,-1.007
41194099999,6,17,2.263,-1.486
41194099999,6,18,2.575,-1.982
41194099999,6,19,2.763,-2.377
41194099999,6,20,2.885,-2.801
41194099999,6,21,3.014,-3.029
41194099999,6,22,3.164,-3.049
41194099999,6,23,3.336,-2.77
41194099999,7,0,2.921,-1.575
41194099999,7,1,2.948,-1.391
41194099999,7,2,2.921,-1.13
41194099999,7,3,2.923,-0.882
41194099999,7,4,2.77,-0.714
41194099999,7,5,2.591,-0.477
41194099999,7,6,2.146,-0.291
41194099999,7,7,1.545,0.068
41194099999,7,8,0.772,0.495
41194099999,7,9,0.126,0.965
41194099999,7,10,-0.198,1.547
41194099999,7,11,-0.236,1.764
41194099999,7,12,-0.012,1.834
41194099999,7,13,0.368,1.45
41194099999,7,14,0.819,0.898
41194099999,7,15,1.248,0.294
41194099999,7,16,1.612,-0.23
41194099999,7,17,1.924,-0.768
41194099999,7,18,2.228,-1.404
41194099999,7,19,2.505,-2.092
41194099999,7,20,2.647,-2.394
41194099999,7,21,2.716,-2.374
41194099999,7,22,2.745,-2.072
41194099999,7,23,2.857,-1.82
41194099999,8,0,2.865,-0.925
41194099999,8,1,2.95,-0.901
41194099999,8,2,2.992,-0.853
41194099999,8,3,2.995,-0.849
41194099999,8,4,2.829,-0.69
41194099999,8,5,2.674,-0.525
41194099999,8,6,2.266,-0.234
41194099999,8,7,1.716,0.128
41194099999,8,8,0.857,0.589
41194099999,8,9,0.094,1.027
41194099999,8,10,-0.324,1.434
41194099999,8,11,-0.33,1.649
41194099999,8,12,-0.016,1.631
41194099999,8,13,0.309,1.515
41194099999,8,14,0.645,1.307
41194099999,8,15,0.898,0.952
41194099999,8,16,1.291,0.399
41194099999,8,17,1.673,-0.26
41194099999,8,18,2.074,-0.899
41194099999,8,19,2.254,-1.312
41194099999,8,20,2.377,-1.607
41194099999,8,21,2.45,-1.499
41194099999,8,22,2.601,-1.371
41194099999,8,23,2.738,-1.096
41194099999,9,0,3.147,-1.074
41194099999,9,1,3.329,-1.019
41194099999,9,2,3.355,-0.975
41194099999,9,3,3.437,-0.982
41194099999,9,4,3.274,-0.917
41194099999,9,5,3.14,-0.638
41194099999,9,6,2.726,-0.194
41194099999,9,7,2.151,0.413
41194099999,9,8,1.136,1.111
41194099999,9,9,0.245,1.747
41194099999,9,10,-0.206,2.044
41194099999,9,11,-0.061,1.821
41194099999,9,12,0.357,1.54
41194099999,9,13,0.709,1.494
41194099999,9,14,0.916,1.59
41194099999,9,15,1.087,1.335
41194099999,9,16,1.438,0.577
41194099999,9,17,1.825,-0.436
41194099999,9,18,2.041,-1.138
41194099999,9,19,2.058,-1.363
41194099999,9,20,2.077,-1.365
41194099999,9,21,2.308,-1.306
41194099999,9,22,2.597,-1.299
41194099999,9,23,2.96,-1.18
41194099999,10,0,2.606,-0.847
41194099999,10,1,2.784,-0.692
41194099999,10,2,2.948,-0.595
41194099999,10,3,2.968,-0.417
41194099999,10,4,2.84,-0.143
41194099999,10,5,2.694,0.129
41194099999,10,6,2.377,0.334
41194099999,10,7,1.824,0.518
41194099999,10,8,1.011,0.81
41194099999,10,9,0.366,0.911
41194099999,10,10,0.18,0.915
41194099999,10,11,0.384,0.557
41194099999,10,12,0.711,0.333
41194099999,10,13,1.014,0.096
41194099999,10,14,1.164,0.129
41194099999,10,15,1.216,0.066
41194099999,10,16,1.307,-0.128
41194099999,10,17,1.359,-0.337
41194099999,10,18,1.365,-0.45
41194099999,10,19,1.345,-0.48
41194099999,10,20,1.462,-0.572
41194099999,10,21,1.734,-0.685
41194099999,10,22,2.049,-0.841
41194099999,10,23,2.322,-0.876
41194099999,11,0,2.401,-0.167
41194099999,11,1,2.401,-0.212
41194099999,11,2,2.433,-0.245
41194099999,11,3,2.482,-0.256
41194099999,11,4,2.363,-0.065
41194099999,11,5,2.133,0.164
41194099999,11,6,1.82,0.418
41194099999,11,7,1.4,0.658
41194099999,11,8,0.817,0.773
41194099999,11,9,0.312,0.834
41194099999,11,10,0.145,0.571
41194099999,11,11,0.245,0.385
41194099999,11,12,0.417,0.163
41194099999,11,13,0.675,0.205
41194099999,11,14,0.941,0.166
41194099999,11,15,1.187,0.124
41194099999,11,16,1.326,-0.099
41194099999,11,17,1.399,-0.203
41194099999,11,18,1.397,-0.265
41194099999,11,19,1.418,-0.221
41194099999,11,20,1.515,-0.248
41194099999,11,21,1.745,-0.254
41194099999,11,22,2.034,-0.239
41194099999,11,23,2.279,-0.196
41194099999,12,0,1.873,-0.053
41194099999,12,1,1.876,0.014
41194099999,12,2,1.859,0.047
41194099999,12,3,1.951,0.106
41194099999,12,4,1.883,0.287
41194099999,12,5,1.699,0.468
41194099999,12,6,1.523,0.626
41194099999,12,7,1.296,0.707
41194099999,12,8,0.852,0.874
41194099999,12,9,0.245,1.081
41194099999,12,10,-0.041,1.149
41194099999,12,11,-0.002,0.934
41194099999,12,12,0.207,0.616
41194099999,12,13,0.424,0.294
41194099999,12,14,0.673,0.132
41194099999,12,15,0.898,0.128
41194099999,12,16,1.002,0.144
41194099999,12,17,1.065,0.091
41194099999,12,18,1.119,-0.043
41194099999,12,19,1.298,-0.105
41194099999,12,20,1.423,-0.079
41194099999,12,21,1.574,-0.068
41194099999,12,22,1.652,-0.099
41194099999,12,23,1.822,-0.074
41194599999,1,0,0.864,-0.198
41194599999,1,1,0.91,-0.127
41194599999,1,2,0.956,-0.087
41194599999,1,3,0.917,-0.036
41194599999,1,4,0.698,-0.096
41194599999,1,5,0.499,-0.126
41194599999,1,6,0.435,-0.164
41194599999,1,7,0.304,-0.228
41194599999,1,8,0.065,-0.117
41194599999,1,9,-0.164,0.16
41194599999,1,10,-0.071,0.597
41194599999,1,11,0.151,0.798
41194599999,1,12,0.253,0.76
41194599999,1,13,0.23,0.742
41194599999,1,14,0.237,0.699
41194599999,1,15,0.338,0.697
41194599999,1,16,0.484,0.462
41194599999,1,17,0.668,0.222
41194599999,1,18,0.699,0.015
41194599999,1,19,0.711,-0.153
41194599999,1,20,0.662,-0.254
41194599999,1,21,0.741,-0.319
41194599999,1,22,0.816,-0.282
41194599999,1,23,0.843,-0.22
41194599999,2,0,1.091,-0.164
41194599999,2,1,1.055,-0.09
41194599999,2,2,1.044,-0.05
41194599999,2,3,1.07,-0.033
41194599999,2,4,0.858,-0.02
41194599999,2,5,0.688,0.03
41194599999,2,6,0.594,0.14
41194599999,2,7,0.596,0.239
41194599999,2,8,0.432,0.387
41194599999,2,9,0.189,0.428
41194599999,2,10,0.137,0.368
41194599999,2,11,0.165,0.14
41194599999,2,12,0.217,-0.009
41194599999,2,13,0.326,-0.13
41194599999,2,14,0.433,-0.076
41194599999,2,15,0.545,-0.025
41194599999,2,16,0.647,-0.018
41194599999,2,17,0.882,-0.262
41194599999,2,18,1.053,-0.527
41194599999,2,19,1.127,-0.654
41194599999,2,20,1.119,-0.608
41194599999,2,21,1.112,-0.524
41194599999,2,22,1.125,-0.409
41194599999,2,23,1.107,-0.276
41194599999,3,0,1.117,-0.245
41194599999,3,1,1.134,-0.131
41194599999,3,2,1.132,0.021
41194599999,3,3,1.242,0.141
41194599999,3,4,1.063,0.163
41194599999,3,5,0.878,0.145
41194599999,3,6,0.565,0.138
41194599999,3,7,0.382,0.261
41194599999,3,8,0.138,0.48
41194599999,3,9,0.018,0.682
41194599999,3,10,0.056,0.68
41194599999,3,11,0.144,0.411
41194599999,3,12,0.195,0.102
41194599999,3,13,0.27,-0.114
41194599999,3,14,0.307,-0.135
41194599999,3,15,0.393,0.097
41194599999,3,16,0.582,0.061
41194599999,3,17,0.901,-0.187
41194599999,3,18,1.147,-0.718
41194599999,3,19,1.181,-0.912
41194599999,3,20,1.082,-0.982
41194599999,3,21,0.979,-0.867
41194599999,3,22,0.987,-0.676
41194599999,3,23,1.073,-0.423
41194599999,4,0,1.192,-0.375
41194599999,4,1,1.238,-0.18
41194599999,4,2,1.309,-0.11
41194599999,4,3,1.325,-0.048
41194599999,4,4,1.177,-0.097
41194599999,4,5,1.012,-0.177
41194599999,4,6,0.645,-0.192
41194599999,4,7,0.372,-0.057
41194599999,4,8,0.121,0.236
41194599999,4,9,0.09,0.511
41194599999,4,10,0.153,0.628
41194599999,4,11,0.106,0.599
41194599999,4,12,0.035,0.62
41194599999,4,13,-0.06,0.795
41194599999,4,14,-0.046,1.034
41194599999,4,15,0.12,0.92
41194599999,4,16,0.386,0.692
41194599999,4,17,0.816,0.069
41194599999,4,18,1.083,-0.442
41194599999,4,19,1.179,-0.946
41194599999,4,20,1.103,-1.144
41194599999,4,21,1.046,-1.081
41194599999,4,22,1.091,-0.922
41194599999,4,23,1.115,-0.594
41194599999,5,0,1.073,-0.047
41194599999,5,1,1.074,-0.0
41194599999,5,2,1.108,0.018
41194599999,5,3,1.175,-0.111
41194599999,5,4,1.075,-0.167
41194599999,5,5,0.914,-0.163
41194599999,5,6,0.468,0.129
41194599999,5,7,0.122,0.518
41194599999,5,8,-0.188,0.763
41194599999,5,9,-0.236,0.882
41194599999,5,10,-0.263,0.894
41194599999,5,11,-0.404,1.153
41194599999,5,12,-0.616,1.529
41194599999,5,13,-0.694,1.781
41194599999,5,14,-0.582,1.861
41194599999,5,15,-0.356,1.662
41194599999,5,16,0.022,1.338
41194599999,5,17,0.486,0.566
41194599999,5,18,0.974,-0.474
41194599999,5,19,1.088,-1.219
41194599999,5,20,1.001,-1.364
41194599999,5,21,0.863,-0.988
41194599999,5,22,0.922,-0.563
41194599999,5,23,1.011,-0.252
41194599999,6,0,1.008,-0.184
41194599999,6,1,1.099,-0.194
41194599999,6,2,1.234,-0.175
41194599999,6,3,1.268,-0.123
41194599999,6,4,1.061,-0.125
41194599999,6,5,0.779,-0.156
41194599999,6,6,0.332,-0.104
41194599999,6,7,0.009,0.201
41194599999,6,8,-0.312,0.681
41194599999,6,9,-0.469,1.173
41194599999,6,10,-0.532,1.553
41194599999,6,11,-0.491,1.465
41194599999,6,12,-0.574,1.605
41194599999,6,13,-0.582,1.781
41194599999,6,14,-0.684,2.317
41194599999,6,15,-0.494,2.399
41194599999,6,16,-0.267,2.036
41194599999,6,17,0.172,1.326
41194599999,6,18,0.528,0.489
41194599999,6,19,0.72,-0.047
41194599999,6,20,0.674,-0.263
41194599999,6,21,0.665,-0.243
41194599999,6,22,0.756,-0.194
41194599999,6,23,0.893,-0.182
41194599999,7,0,1.129,-0.897
41194599999,7,1,1.214,-1.015
41194599999,7,2,1.266,-1.077
41194599999,7,3,1.303,-1.02
41194599999,7,4,1.128,-0.821
41194599999,7,5,0.863,-0.542
41194599999,7,6,0.372,-0.068
41194599999,7,7,-0.091,0.544
41194599999,7,8,-0.479,1.229
41194599999,7,9,-0.66,1.646
41194599999,7,10,-0.689,1.911
41194599999,7,11,-0.717,2.019
41194599999,7,12,-0.784,2.32
41194599999,7,13,-0.846,2.641
41194599999,7,14,-0.757,2.528
41194599999,7,15,-0.512,2.208
41194599999,7,16,-0.121,1.588
41194599999,7,17,0.21,1.112
41194599999,7,18,0.565,0.341
41194599999,7,19,0.767,-0.262
41194599999,7,20,0.872,-0.69
41194599999,7,21,0.826,-0.704
41194599999,7,22,0.875,-0.761
41194599999,7,23,0.981,-0.752
41194599999,8,0,0.748,-0.013
41194599999,8,1,0.743,0.143
41194599999,8,2,0.745,0.114
41194599999,8,3,0.776,-0.065
41194599999,8,4,0.66,-0.08
41194599999,8,5,0.544,0.005
41194599999,8,6,0.261,0.291
41194599999,8,7,0.011,0.634
41194599999,8,8,-0.276,0.953
41194599999,8,9,-0.462,1.231
41194599999,8,10,-0.59,1.447
41194599999,8,11,-0.692,1.652
41194599999,8,12,-0.777,2.027
41194599999,8,13,-0.76,2.125
41194599999,8,14,-0.672,2.158
41194599999,8,15,-0.452,1.846
41194599999,8,16,-0.174,1.714
41194599999,8,17,0.189,1.286
41194599999,8,18,0.545,0.758
41194599999,8,19,0.765,0.107
41194599999,8,20,0.813,-0.247
41194599999,8,21,0.734,-0.342
41194599999,8,22,0.718,-0.357
41194599999,8,23,0.723,-0.188
41194599999,9,0,0.682,-0.177
41194599999,9,1,0.827,-0.399
41194599999,9,2,0.892,-0.458
41194599999,9,3,0.87,-0.624
41194599999,9,4,0.646,-0.611
41194599999,9,5,0.535,-0.46
41194599999,9,6,0.249,-0.106
41194599999,9,7,0.053,0.337
41194599999,9,8,-0.257,0.974
41194599999,9,9,-0.455,1.572
41194599999,9,10,-0.521,2.074
41194599999,9,11,-0.547,2.157
41194599999,9,12,-0.413,2.093
41194599999,9,13,-0.332,2.071
41194599999,9,14,-0.238,2.122
41194599999,9,15,-0.096,1.981
41194599999,9,16,0.146,1.735
41194599999,9,17,0.46,1.212
41194599999,9,18,0.595,0.933
41194599999,9,19,0.604,0.641
41194599999,9,20,0.492,0.58
41194599999,9,21,0.488,0.354
41194599999,9,22,0.498,0.18
41194599999,9,23,0.583,-0.101
41194599999,10,0,0.645,-0.325
41194599999,10,1,0.749,-0.498
41194599999,10,2,0.847,-0.609
41194599999,10,3,0.923,-0.616
41194599999,10,4,0.689,-0.58
41194599999,10,5,0.469,-0.504
41194599999,10,6,0.106,-0.39
41194599999,10,7,-0.123,-0.058
41194599999,10,8,-0.366,0.482
41194599999,10,9,-0.409,1.171
41194599999,10,10,-0.329,1.705
41194599999,10,11,-0.279,2.076
41194599999,10,12,-0.237,2.208
41194599999,10,13,-0.207,2.341
41194599999,10,14,-0.043,2.323
41194599999,10,15,0.083,2.247
41194599999,10,16,0.329,1.674
41194599999,10,17,0.465,0.961
41194599999,10,18,0.479,0.351
41194599999,10,19,0.376,0.035
41194599999,10,20,0.271,-0.047
41194599999,10,21,0.31,-0.128
41194599999,10,22,0.416,-0.102
41194599999,10,23,0.535,-0.164
41194599999,11,0,0.592,-0.066
41194599999,11,1,0.558,-0.052
41194599999,11,2,0.609,-0.019
41194599999,11,3,0.653,0.064
41194599999,11,4,0.612,0.201
41194599999,11,5,0.376,0.309
41194599999,11,6,0.131,0.353
41194599999,11,7,-0.11,0.387
41194599999,11,8,-0.339,0.618
41194599999,11,9,-0.425,1.031
41194599999,11,10,-0.331,1.622
41194599999,11,11,-0.127,1.891
41194599999,11,12,-0.087,2.012
41194599999,11,13,-0.029,1.68
41194599999,11,14,0.056,1.448
41194599999,11,15,0.238,1.181
41194599999,11,16,0.382,1.033
41194599999,11,17,0.441,0.686
41194599999,11,18,0.354,0.396
41194599999,11,19,0.349,0.119
41194599999,11,20,0.38,0.054
41194599999,11,21,0.495,0.053
41194599999,11,22,0.52,0.034
41194599999,11,23,0.555,0.038
41194599999,12,0,0.633,-0.223
41194599999,12,1,0.63,-0.327
41194599999,12,2,0.614,-0.375
41194599999,12,3,0.588,-0.373
41194599999,12,4,0.467,-0.241
41194599999,12,5,0.377,-0.158
41194599999,12,6,0.218,-0.144
41194599999,12,7,0.082,-0.141
41194599999,12,8,-0.184,0.014
41194599999,12,9,-0.37,0.377
41194599999,12,10,-0.276,0.766
41194599999,12,11,-0.06,1.003
41194599999,12,12,0.12,1.034
41194599999,12,13,0.17,0.926
41194599999,12,14,0.293,0.882
41194599999,12,15,0.42,0.841
41194599999,12,16,0.493,0.832
41194599999,12,17,0.491,0.592
41194599999,12,18,0.47,0.27
41194599999,12,19,0.518,-0.047
41194599999,12,20,0.557,-0.213
41194599999,12,21,0.581,-0.221
41194599999,12,22,0.576,-0.209
41194599999,12,23,0.572,-0.186
